zip_code,population_density,population_density_norm,bird_density,bird_density_norm,water_proximity,water_proximity_norm,healthcare_capacity,healthcare_capacity_norm,vulnerability_index,vulnerability_index_norm,risk_score,risk_category
10001,10915.814673934101,0.2870318522050003,2345.0,0.771127918447879,0.9810922109986144,0.9810922109986144,0.969,0.028084252758274864,0.007414,0.7414,0.6058077832784153,High
10002,20671.247021760726,0.543551397424439,2345.0,0.771127918447879,1.0,1.0,0.946,0.051153460381143434,0.009656,0.9655999999999999,0.6862907586957696,High
10003,21855.379961287894,0.5746882278894198,2345.0,0.771127918447879,0.8825751253722762,0.8825751253722762,0.976,0.02106318956870612,0.005373,0.5373,0.6520372080366125,High
10026,23652.631226935897,0.6219470331244125,2345.0,0.771127918447879,0.9735401202471656,0.9735401202471656,0.942,0.055165496489468446,0.009123,0.9122999999999999,0.6996568892686703,High
10004,6443.646205790581,0.1694359752935614,0.0,0.0,1.0,1.0,0.997,0.0,0.002299,0.22989999999999997,0.20385399382339034,Low
10005,31592.144935885757,0.8307169136655914,2345.0,0.771127918447879,0.9923211537814421,0.9923211537814421,0.988,0.009027081243731194,0.002437,0.2437,0.7166226729095329,High
10006,9758.812456013204,0.25660842532068884,0.0,0.0,0.8877790660993397,0.8877790660993397,0.94,0.0571715145436309,0.003555,0.3555,0.22081111769943623,Low
10007,10278.514129862988,0.2702740048944561,0.0,0.0,0.9261946049891913,0.9261946049891913,0.996,0.0010030090270812808,0.003366,0.3366,0.22342799287470083,Low
10009,22534.35951513324,0.5925420266915312,2345.0,0.771127918447879,1.0,1.0,0.972,0.025075225677031132,0.008721,0.8721,0.6912555925421315,High
10010,19944.84309248293,0.5244505724747928,2345.0,0.771127918447879,1.0,1.0,0.972,0.025075225677031132,0.005247,0.5246999999999999,0.6568627289879468,High
10011,18961.063039416076,0.49858203043473787,2345.0,0.771127918447879,1.0,1.0,0.979,0.01805416248746239,0.005998,0.5998,0.6534484871589762,High
10012,15874.714974123739,0.4174263651736214,2345.0,0.771127918447879,0.9249062318857548,0.9249062318857548,0.96,0.03711133400200606,0.006508,0.6507999999999999,0.6263512227780147,High
10013,12690.010499011618,0.3336844135628273,2345.0,0.771127918447879,1.0,1.0,0.959,0.03811434302908734,0.007873,0.7873,0.6236051009951611,High
10014,14299.244605292539,0.37599929888790035,2345.0,0.771127918447879,1.0,1.0,0.973,0.02407221664994985,0.003997,0.39969999999999994,0.6133996096885156,High
10016,25920.778576079047,0.6815880726753145,2345.0,0.771127918447879,1.0,1.0,0.959,0.03811434302908734,0.004822,0.48219999999999996,0.6953260157732829,High
10017,10591.322457020096,0.27849931433869324,2345.0,0.771127918447879,1.0,1.0,0.954,0.04312938816449352,0.006726,0.6726,0.6045753307026682,High
10018,7931.7733286224875,0.20856634688212533,2345.0,0.771127918447879,1.0,1.0,0.948,0.049147442326980983,0.007769,0.7768999999999999,0.592908894254775,High
10030,23795.774619668253,0.6257109952632153,0.0,0.0,0.8938123484556902,0.8938123484556902,0.919,0.07823470411233702,0.009828,0.9828,0.3474630714953911,Medium
10019,15627.180514534657,0.41091743509897666,2345.0,0.771127918447879,1.0,1.0,0.97,0.027081243731193583,0.007792,0.7792,0.6414050464494091,High
10021,26519.323573150315,0.6973268410832876,2345.0,0.771127918447879,1.0,1.0,0.988,0.009027081243731194,0.005195,0.5195,0.6982169816967405,High
10022,18384.134196396797,0.4834116597982941,2345.0,0.771127918447879,1.0,1.0,0.99,0.007021063189568744,0.004438,0.44380000000000003,0.6407525845700759,High
10023,31939.66121853009,0.8398548704061899,2345.0,0.771127918447879,0.94354067377546,0.94354067377546,0.968,0.029087261785356144,0.006325,0.6325,0.7330361081479477,High
10024,16158.612128436942,0.4248914539894687,2345.0,0.771127918447879,1.0,1.0,0.979,0.01805416248746239,0.005952,0.5952,0.6347958430476589,High
10025,28073.01374256387,0.7381811960169948,2345.0,0.771127918447879,0.9719202912272417,0.9719202912272417,0.959,0.03811434302908734,0.008607,0.8607,0.7241873402927893,High
10027,16232.023478305124,0.42682180883287313,2345.0,0.771127918447879,1.0,1.0,0.947,0.050150451354062264,0.009312,0.9312,0.6552880606451701,High
10028,33875.88634984409,0.8907679998727449,2345.0,0.771127918447879,1.0,1.0,0.98,0.017051153460381108,0.004209,0.4209,0.7424496786157698,High
10029,21311.443441724772,0.5603853919256543,2345.0,0.771127918447879,1.0,1.0,0.933,0.06419257773319953,0.009788,0.9788,0.692463169056279,High
10031,19206.32416390452,0.5050311830576659,2345.0,0.771127918447879,1.0,1.0,0.914,0.0832497492477432,0.009323,0.9322999999999999,0.6782053339907363,High
10032,18660.738566308835,0.49068498451068915,2345.0,0.771127918447879,1.0,1.0,0.909,0.08826479438314938,0.009771,0.9771,0.6773602888675327,High
10033,18569.699440869063,0.4882911064925418,2345.0,0.771127918447879,1.0,1.0,0.911,0.08625877632898693,0.00965,0.9650000000000001,0.6759562175575797,High
10034,7518.142176323417,0.19768989658312974,2345.0,0.771127918447879,1.0,1.0,0.93,0.06720160481444326,0.009541,0.9541,0.6008551979287723,High
10037,16882.453365704656,0.4439248928340686,2345.0,0.771127918447879,1.0,1.0,0.947,0.050150451354062264,0.009639,0.9639,0.6611988316454689,High
10035,5593.776121941881,0.1470886020935367,2345.0,0.771127918447879,1.0,1.0,0.926,0.07121364092276827,0.009914,0.9914,0.5904710779172065,High
10036,16583.43904943642,0.436062297544756,2345.0,0.771127918447879,0.981468124927224,0.981468124927224,0.972,0.025075225677031132,0.00801,0.8009999999999999,0.6458008789945212,High
10038,20325.332051519075,0.5344555472676029,2345.0,0.771127918447879,1.0,1.0,0.969,0.028084252758274864,0.008641,0.8640999999999999,0.6766348753942737,High
10040,23432.14842446025,0.6161494276259376,0.0,0.0,0.9348593241607296,0.9348593241607296,0.926,0.07121364092276827,0.009857,0.9856999999999999,0.35067261962287066,Medium
11104,15613.419244626522,0.41055558186965635,2239.0,0.736270963498849,0.4774206883234281,0.4774206883234281,0.935,0.06218655967903708,0.007798,0.7798,0.550782588258314,High
11105,5008.478323609495,0.13169816938968923,2239.0,0.736270963498849,1.0,1.0,0.928,0.06920762286860582,0.0082,0.8200000000000001,0.562167238208765,High
10039,14878.651383756136,0.39123482695156986,2345.0,0.771127918447879,1.0,1.0,0.928,0.06920762286860582,0.009748,0.9748,0.6504770323262986,High
10128,31128.679459862306,0.8185300675171546,2345.0,0.771127918447879,1.0,1.0,0.953,0.0441323971915748,0.006783,0.6783,0.7399683198999918,High
10044,11468.78321688365,0.30157218564185473,2345.0,0.771127918447879,1.0,1.0,0.966,0.031093279839518595,0.008337,0.8337,0.6171949376959611,High
10065,19152.978402785073,0.5036284537993575,2345.0,0.771127918447879,1.0,1.0,0.986,0.011033099297893645,0.005321,0.5321,0.6506229866811742,High
10069,17295.028320244463,0.45477357036408705,2345.0,0.771127918447879,1.0,1.0,0.954,0.04312938816449352,0.007712,0.7712,0.6535738947090167,High
10075,31638.45397329454,0.8319346119481589,0.0,0.0,1.0,1.0,0.964,0.033099297893681046,0.005889,0.5889,0.39073858277640783,Medium
10280,18387.22153375149,0.4834928414769658,0.0,0.0,1.0,1.0,0.969,0.028084252758274864,0.002506,0.2506,0.2862116356450689,Medium
10282,20118.899945420028,0.5290274054808356,0.0,0.0,1.0,1.0,0.989,0.008024072216649913,0.003836,0.3836,0.30223925859187384,Medium
10301,2619.2843625121013,0.06887420357352805,1347.0,0.44294639921078593,1.0,1.0,0.948,0.049147442326980983,0.009329,0.9329000000000001,0.4181041747709338,Medium
11106,10796.321335775303,0.2838897693461021,2239.0,0.736270963498849,1.0,1.0,0.932,0.06519558676028081,0.008882,0.8881999999999999,0.6032239345870356,High
10302,3945.114105309891,0.10373695804044455,1347.0,0.44294639921078593,1.0,1.0,0.913,0.08425275827482448,0.009163,0.9162999999999999,0.42950039498244724,Medium
10303,2040.951721002456,0.05366691999079048,1347.0,0.44294639921078593,1.0,1.0,0.947,0.050150451354062264,0.009375,0.9375,0.4146326547779575,Medium
10304,2787.608831813293,0.07330030328648077,1347.0,0.44294639921078593,1.0,1.0,0.945,0.052156469408224715,0.009467,0.9467,0.42020160240729637,Medium
10451,10996.995681878781,0.2891665105672271,3041.0,1.0,1.0,1.0,0.934,0.06318956870611825,0.009897,0.9896999999999999,0.7280955845124186,High
10305,2432.7347234765907,0.06396887217866673,1347.0,0.44294639921078593,1.0,1.0,0.958,0.03911735205616851,0.008928,0.8928,0.41386983289513724,Medium
10306,1718.9231974456338,0.045199165055368584,1347.0,0.44294639921078593,1.0,1.0,0.957,0.04012036108324979,0.008739,0.8739,0.40833270701702074,Medium
10307,1740.2890496476898,0.04576098112816603,1347.0,0.44294639921078593,1.0,1.0,0.975,0.0220661985957874,0.003624,0.3624,0.381092744786474,Medium
10308,3193.0244791912046,0.08396072650323295,1347.0,0.44294639921078593,1.0,1.0,0.972,0.025075225677031132,0.003853,0.3853,0.392088583838365,Medium
10309,1119.01760670126,0.02942461977377176,1347.0,0.44294639921078593,1.0,1.0,0.984,0.013039117352056206,0.005642,0.5642,0.38619594632350224,Medium
10310,3367.1815474906252,0.08854019467686762,1347.0,0.44294639921078593,1.0,1.0,0.955,0.04212637913741224,0.008928,0.8928,0.4203135662278118,Medium
10312,1778.608027233611,0.04676858041778688,1347.0,0.44294639921078593,1.0,1.0,0.977,0.02006018054162484,0.005333,0.5333,0.3896890428034629,Medium
10314,1426.6119887158716,0.037512828289104364,1347.0,0.44294639921078593,1.0,1.0,0.966,0.031093279839518595,0.007861,0.7861,0.40111841470108167,Medium
10456,20273.832827570473,0.5331013727896883,3041.0,1.0,0.7814990197702755,0.7814990197702755,0.927,0.07021063189568699,0.009994,0.9994,0.757491259352532,Very High
10452,17302.17494963674,0.45496149131481434,3041.0,1.0,1.0,1.0,0.931,0.06619859578736198,0.009931,0.9931000000000001,0.7700152324074399,Very High
10453,19563.024464350092,0.5144106339715273,3041.0,1.0,1.0,1.0,0.903,0.09428284854563684,0.009983,0.9983000000000001,0.7879459433474456,Very High
10454,8506.6356821784,0.2236823790824605,3041.0,1.0,1.0,1.0,0.898,0.09929789368104314,0.01,1.0,0.7158503841387195,High
10455,13520.837033729924,0.35553103575683626,3041.0,1.0,0.7728591655858195,0.7728591655858195,0.905,0.0922768304914744,0.009971,0.9971000000000001,0.7138943168262295,High
10457,16116.13408664553,0.4237744919140182,3041.0,1.0,0.865663181585242,0.865663181585242,0.903,0.09428284854563684,0.009989,0.9988999999999999,0.7451663850708545,High
10458,17849.742197911655,0.46935979745814316,3041.0,1.0,0.9877153952536932,0.9877153952536932,0.903,0.09428284854563684,0.009891,0.9891,0.7743805435071536,Very High
10459,13787.920851002056,0.36255401709680557,3041.0,1.0,1.0,1.0,0.929,0.06820461384152454,0.009943,0.9943000000000001,0.747173965658354,High
10460,10528.41688153702,0.27684520931911605,3041.0,1.0,1.0,1.0,0.935,0.06218655967903708,0.009954,0.9954,0.7251999582976828,High
10461,5076.21206377579,0.13347923122313432,3041.0,1.0,1.0,1.0,0.945,0.052156469408224715,0.00969,0.9690000000000001,0.687035454746606,High
11004,2305.2420598609565,0.06061644668654762,2239.0,0.736270963498849,1.0,1.0,0.981,0.016048144433299938,0.008469,0.8469000000000001,0.540425859689449,High
11101,4157.706046233748,0.10932707296910324,2239.0,0.736270963498849,1.0,1.0,0.965,0.032096288866599876,0.008291,0.8291,0.5533183307034178,High
10462,12628.295397834532,0.3320616121202398,3041.0,1.0,1.0,1.0,0.936,0.0611835506519558,0.009708,0.9708,0.7376737580952556,High
10463,10029.148133472485,0.2637169144748259,3041.0,1.0,1.0,1.0,0.958,0.03911735205616851,0.009862,0.9861999999999999,0.7191509638243233,High
10464,308.56484625277994,0.008113726917403441,3041.0,1.0,1.0,1.0,0.938,0.05917753259779346,0.007219,0.7219,0.6440411849891302,High
10465,2985.1086051140624,0.07849356896878981,3041.0,1.0,1.0,1.0,0.967,0.030090270812437314,0.009444,0.9443999999999999,0.6698524193234412,High
10466,7690.128782377463,0.2022122923515395,3041.0,1.0,1.0,1.0,0.91,0.08726178535606821,0.009851,0.9851,0.7085342516234918,High
10467,9759.234291919545,0.25661951751537526,3041.0,1.0,1.0,1.0,0.911,0.08625877632898693,0.009925,0.9924999999999999,0.7224057570117426,High
10468,16086.821903006616,0.4230037266882086,3041.0,1.0,1.0,1.0,0.908,0.08926780341023066,0.009874,0.9874,0.7640477120130752,Very High
10469,6696.812779092319,0.17609300205902237,3041.0,1.0,0.72889188067503,0.72889188067503,0.952,0.04513540621865597,0.009507,0.9507,0.6554055732378756,High
10470,2550.960274519131,0.06707761851665005,3041.0,1.0,1.0,1.0,0.939,0.05817452357071218,0.009398,0.9398,0.6695768569862337,High
11102,10500.95673805485,0.2761231435749693,2239.0,0.736270963498849,1.0,1.0,0.939,0.05817452357071218,0.008068,0.8068000000000001,0.5965101718252956,High
11109,38029.976778110125,1.0,0.0,0.0,1.0,1.0,0.977,0.02006018054162484,0.003503,0.3503,0.41952101805416253,Medium
10471,2164.542086338463,0.056916734368987656,3041.0,1.0,1.0,1.0,0.964,0.033099297893681046,0.008308,0.8307999999999999,0.659079113381615,High
10472,15105.046563505839,0.3971878986841831,3041.0,1.0,1.0,1.0,0.877,0.12036108324974926,0.009937,0.9936999999999999,0.7610180829960207,Very High
10473,6410.536187184907,0.1685653458214779,3041.0,1.0,1.0,1.0,0.946,0.051153460381143434,0.009868,0.9868,0.6965966824934839,High
10474,1726.7690398692598,0.045405471845125604,3041.0,1.0,1.0,1.0,0.914,0.0832497492477432,0.00996,0.996,0.6694763428860557,High
11103,11625.06724283435,0.305681681339487,2239.0,0.736270963498849,0.33386421289374524,0.33386421289374524,0.897,0.1003009027081243,0.008159,0.8159,0.508647076114228,High
10475,4931.970917163736,0.12968640359524372,3041.0,1.0,1.0,1.0,0.953,0.0441323971915748,0.009799,0.9799,0.6858298406179685,High
11201,11023.899376119749,0.2898739444528153,2308.0,0.7589608681354818,1.0,1.0,0.974,0.02306920762286868,0.006233,0.6233,0.5974727975364575,High
11203,8459.445585850854,0.2224415133148351,2308.0,0.7589608681354818,0.423951748065147,0.423951748065147,0.941,0.05616850551654973,0.009386,0.9386,0.5132823817511026,High
11204,12005.33950246235,0.3156809580113277,2308.0,0.7589608681354818,0.030148466352610703,0.030148466352610703,0.929,0.06820461384152454,0.009553,0.9553,0.4795603615008428,Medium
11205,11893.648606862682,0.31274404074074036,2308.0,0.7589608681354818,1.0,1.0,0.965,0.032096288866599876,0.009427,0.9427,0.6200630297328119,High
11206,14156.096938486931,0.37223522436214357,2308.0,0.7589608681354818,1.0,1.0,0.941,0.05616850551654973,0.009679,0.9679,0.6386030473031576,High
11207,8345.878167065752,0.21945525278021205,2308.0,0.7589608681354818,1.0,1.0,0.94,0.0571715145436309,0.009839,0.9839,0.601308355310383,High
11209,7572.7972789852165,0.19912705503791112,2308.0,0.7589608681354818,1.0,1.0,0.945,0.052156469408224715,0.008865,0.8865,0.5908548013612671,High
11208,6145.692515166252,0.16160126920465762,2308.0,0.7589608681354818,1.0,1.0,0.944,0.053159478435305996,0.009581,0.9581,0.5851536558056618,High
11210,8506.965177873255,0.22369104318701094,2308.0,0.7589608681354818,0.3990543083750707,0.3990543083750707,0.949,0.0481444332998997,0.009174,0.9174,0.5079977410439701,High
11211,6616.048009626667,0.17396928870687173,2308.0,0.7589608681354818,1.0,1.0,0.94,0.0571715145436309,0.009042,0.9042,0.5859518642920478,High
11212,13207.697854947924,0.3472970265538057,2308.0,0.7589608681354818,1.0,1.0,0.927,0.07021063189568699,0.009948,0.9948,0.635117710488987,High
11213,13667.96517453784,0.3593997770307621,2308.0,0.7589608681354818,0.4322780682145053,0.4322780682145053,0.933,0.06419257773319953,0.009805,0.9804999999999999,0.551668302924153,High
11218,12224.874059789343,0.3214536293597193,2308.0,0.7589608681354818,0.9376571807242873,0.9376571807242873,0.954,0.04312938816449352,0.009197,0.9197,0.6128423139259891,High
11214,9932.166246642339,0.2611667712707952,2308.0,0.7589608681354818,1.0,1.0,0.905,0.0922768304914744,0.009685,0.9684999999999999,0.614476766527813,High
11215,6817.914372703869,0.17927737406950583,2308.0,0.7589608681354818,1.0,1.0,0.973,0.02407221664994985,0.005728,0.5728,0.5673989558433382,High
11216,14511.764882128762,0.381587529406057,2308.0,0.7589608681354818,0.7902530100582787,0.7902530100582787,0.94,0.0571715145436309,0.008297,0.8297,0.602669375975586,High
11217,12486.217534574596,0.3283256681282436,2308.0,0.7589608681354818,1.0,1.0,0.972,0.025075225677031132,0.007231,0.7231,0.6122763302607309,High
11219,15504.695390707224,0.40769668309741525,2308.0,0.7589608681354818,0.8722007035990035,0.8722007035990035,0.938,0.05917753259779346,0.00949,0.949,0.6276544202349505,High
11220,13534.789776575282,0.3558979237759052,2308.0,0.7589608681354818,1.0,1.0,0.884,0.11334002006018051,0.009662,0.9662000000000001,0.6401508736109611,High
11221,14295.12998942262,0.37589110487311234,2308.0,0.7589608681354818,0.8628061833102819,0.8628061833102819,0.916,0.08124373119358075,0.009352,0.9351999999999999,0.6198104674951453,High
11222,6081.516226474591,0.1599137507224323,2308.0,0.7589608681354818,1.0,1.0,0.927,0.07021063189568699,0.00637,0.637,0.5703818915311437,High
11223,8972.594007122334,0.23593477480866926,2308.0,0.7589608681354818,0.9681745798783827,0.9681745798783827,0.941,0.05616850551654973,0.009587,0.9587,0.5992941218965464,High
11224,6412.068915059744,0.16860564897190525,2308.0,0.7589608681354818,1.0,1.0,0.95,0.04714142427281853,0.00992,0.992,0.587997945331225,High
11225,14756.713078458371,0.38802845356856136,2308.0,0.7589608681354818,0.9678418154111199,0.9678418154111199,0.941,0.05616850551654973,0.008538,0.8538,0.6320226269164301,High
11226,17508.076818549773,0.46037569049022764,2308.0,0.7589608681354818,0.925106444772448,0.925106444772448,0.909,0.08826479438314938,0.00922,0.922,0.6503187594377059,High
11228,6938.587815845954,0.18245048784357323,2308.0,0.7589608681354818,1.0,1.0,0.941,0.05616850551654973,0.008945,0.8945,0.5874868631735151,High
11230,11037.161092548697,0.29022266190027324,2308.0,0.7589608681354818,0.2936346405674737,0.2936346405674737,0.929,0.06820461384152454,0.009702,0.9702000000000001,0.5134637136053086,High
11415,7379.470390728031,0.1940435155610092,2239.0,0.736270963498849,1.0,1.0,0.953,0.0441323971915748,0.008761,0.8761,0.5780510521838919,High
11229,8620.75908572579,0.22668325926214758,2308.0,0.7589608681354818,1.0,1.0,0.951,0.04613841524573725,0.009054,0.9054,0.5980870470010774,High
11231,5901.598748652916,0.15518281231372846,2308.0,0.7589608681354818,1.0,1.0,0.953,0.0441323971915748,0.007867,0.7867000000000001,0.5740763334585565,High
11358,4592.018707790789,0.12074734451149952,2239.0,0.736270963498849,0.9431341817809278,0.9431341817809278,0.922,0.07522567703109329,0.008876,0.8876000000000001,0.5548814646726055,High
11232,6078.690785998339,0.15983945563430385,2308.0,0.7589608681354818,1.0,1.0,0.88,0.11735205616850553,0.009461,0.9461,0.5905324601863934,High
11233,12413.404243981757,0.3264110392811718,2308.0,0.7589608681354818,0.5604859805643367,0.5604859805643367,0.931,0.06619859578736198,0.009438,0.9438,0.5610179071446465,High
11234,2873.6428461741607,0.07556257167709385,2308.0,0.7589608681354818,1.0,1.0,0.957,0.04012036108324979,0.008951,0.8951,0.5591900696885652,High
11235,8779.559100999457,0.23085891301550648,2308.0,0.7589608681354818,1.0,1.0,0.919,0.07823470411233702,0.009524,0.9523999999999999,0.6046905893260771,High
11236,6431.257173688249,0.16911020512087324,2308.0,0.7589608681354818,1.0,1.0,0.94,0.0571715145436309,0.009117,0.9117,0.5851120933955483,High
11237,11161.672181611268,0.2934966867514858,2308.0,0.7589608681354818,1.0,1.0,0.879,0.1183550651955868,0.009415,0.9415,0.6238170688683969,High
11238,12066.030084003292,0.3172768196626521,2308.0,0.7589608681354818,1.0,1.0,0.964,0.033099297893681046,0.007076,0.7076,0.6095415253659978,High
11239,9098.215708650217,0.2392380032660737,2308.0,0.7589608681354818,1.0,1.0,0.976,0.02106318956870612,0.009845,0.9844999999999999,0.6026732104343558,High
11354,6177.09199971513,0.16242692010452753,2239.0,0.736270963498849,1.0,1.0,0.881,0.11634904714142424,0.009404,0.9403999999999999,0.5805835683147563,High
11355,11351.606534880246,0.29849101936381345,2239.0,0.736270963498849,0.9404314678478999,0.9404314678478999,0.853,0.1444332998996991,0.009495,0.9495,0.6089277385825904,High
11356,3967.328792266538,0.10432109426241128,2239.0,0.736270963498849,1.0,1.0,0.914,0.0832497492477432,0.008899,0.8899,0.5602221820648592,High
11357,3328.942076480863,0.08753468601634766,2239.0,0.736270963498849,1.0,1.0,0.966,0.031093279839518595,0.008561,0.8560999999999999,0.5491199330625209,High
11360,2700.7757068031474,0.07101702224434965,2239.0,0.736270963498849,1.0,1.0,0.952,0.04513540621865597,0.007517,0.7517,0.5411747297574351,High
11372,20353.420521546024,0.5351941348873334,2239.0,0.736270963498849,0.6623154728451893,0.6623154728451893,0.89,0.10732196589769305,0.009255,0.9254999999999999,0.621474984812863,High
11361,3610.2881013610854,0.09493269276564877,2239.0,0.736270963498849,1.0,1.0,0.946,0.051153460381143434,0.008532,0.8532,0.5528304528040087,High
11362,1578.960165693715,0.04151883065578302,2239.0,0.736270963498849,1.0,1.0,0.97,0.027081243731193583,0.006147,0.6146999999999999,0.5251447656115472,High
11416,9462.550537234003,0.24881820445077427,2239.0,0.736270963498849,0.23832699965293525,0.23832699965293525,0.902,0.09528585757271812,0.008922,0.8921999999999999,0.48341412039238774,Medium
11363,1877.6411095830158,0.04937265990295785,2239.0,0.736270963498849,1.0,1.0,0.942,0.055165496489468446,0.007987,0.7987,0.5391166481991684,High
11364,3317.075611610998,0.08722265677322977,2239.0,0.736270963498849,1.0,1.0,0.942,0.055165496489468446,0.00824,0.8240000000000001,0.5498441474167364,High
11373,15334.252625411418,0.4032148826932164,2239.0,0.736270963498849,0.6868410734866814,0.6868410734866814,0.845,0.15245737211634902,0.009432,0.9431999999999999,0.5975575524824233,High
11365,4126.584839033594,0.10850873938500107,2239.0,0.736270963498849,1.0,1.0,0.949,0.0481444332998997,0.009077,0.9077,0.5586485617507223,High
11366,2917.877285385127,0.07672571830400494,2239.0,0.736270963498849,1.0,1.0,0.93,0.06720160481444326,0.008102,0.8101999999999999,0.5477335236319276,High
11367,3722.1287707008655,0.09787354834366623,2239.0,0.736270963498849,1.0,1.0,0.943,0.054162487462387165,0.009547,0.9547,0.5589415694066373,High
11374,11141.67237136245,0.2929707908150905,2239.0,0.736270963498849,0.5532527573058743,0.5532527573058743,0.938,0.05917753259779346,0.008578,0.8578,0.5363602981339152,High
11368,9723.678564120268,0.25568457800682043,2239.0,0.736270963498849,1.0,1.0,0.766,0.23169508525576732,0.009633,0.9632999999999999,0.616577586601764,High
11417,6232.475509421347,0.16388323205626384,2239.0,0.736270963498849,0.8393242027821053,0.8393242027821053,0.921,0.07622868605817446,0.008968,0.8968,0.5506542406116812,High
11369,4132.763056658372,0.10867119590346873,2239.0,0.736270963498849,1.0,1.0,0.87,0.127382146439318,0.009604,0.9603999999999999,0.569247947194281,High
11370,5232.0531899601565,0.13757708085090659,2559.800048828125,0.8417625941559109,1.0,1.0,0.925,0.07221664994984955,0.009214,0.9214,0.6164791025778715,High
11375,8143.8120110021855,0.21414191385175194,2239.0,0.736270963498849,0.9734386145350862,0.9734386145350862,0.963,0.034102306920762326,0.007322,0.7322000000000001,0.5708934349097593,High
11379,4049.1098848886563,0.10647153187901247,2239.0,0.736270963498849,0.5921730611874013,0.5921730611874013,0.951,0.04613841524573725,0.008664,0.8664,0.49469961724691913,Medium
11377,7961.884453950144,0.2093581203166279,2239.0,0.736270963498849,0.5076602589518635,0.5076602589518635,0.925,0.07221664994984955,0.009019,0.9018999999999999,0.5121271674914035,High
11378,3297.547883909205,0.08670917426926376,2239.0,0.736270963498849,1.0,1.0,0.928,0.06920762286860582,0.008681,0.8681,0.5533249894286586,High
11421,7380.47841435035,0.19407002158882514,2239.0,0.736270963498849,1.0,1.0,0.896,0.10130391173520559,0.009151,0.9150999999999999,0.5857248301452089,High
11422,3598.05428101542,0.09461100389328776,2239.0,0.736270963498849,1.0,1.0,0.94,0.0571715145436309,0.007913,0.7913,0.5502568360021671,High
11385,6133.726102163759,0.1612866118207651,2239.0,0.736270963498849,1.0,1.0,0.886,0.11133400200601806,0.008819,0.8819,0.5768719867302752,High
11411,3610.8593063051526,0.09494771262609726,2239.0,0.736270963498849,1.0,1.0,0.955,0.04212637913741224,0.007001,0.7001000000000001,0.5442764996447477,High
11412,5112.271783444727,0.1344274232212344,2239.0,0.736270963498849,0.0,0.0,0.938,0.05917753259779346,0.008383,0.8382999999999999,0.41276154263957,Medium
11413,3040.6284263503403,0.07995346523851972,2239.0,0.736270963498849,1.0,1.0,0.94,0.0571715145436309,0.007454,0.7454,0.5442974513384752,High
11414,2642.4888086788264,0.06948436555974524,2239.0,0.736270963498849,1.0,1.0,0.968,0.029087261785356144,0.00863,0.863,0.544751751142954,High
11420,4993.253057518895,0.13129782031297446,2239.0,0.736270963498849,1.0,1.0,0.901,0.0962888665997994,0.008624,0.8623999999999999,0.5668952753127057,High
11418,5088.116224796475,0.13379225168828318,2239.0,0.736270963498849,0.8150628049970521,0.8150628049970521,0.908,0.08926780341023066,0.00953,0.953,0.5436061975871338,High
11419,9306.769791557146,0.24472194253124233,2239.0,0.736270963498849,0.6204063770629004,0.6204063770629004,0.906,0.09127382146439311,0.008962,0.8961999999999999,0.539500757913167,High
11423,5009.976990221072,0.13173757689762228,2239.0,0.736270963498849,0.8154911472519313,0.8154911472519313,0.928,0.06920762286860582,0.009484,0.9483999999999999,0.5409207621735379,High
11426,3171.206351905804,0.08338701783618062,2239.0,0.736270963498849,1.0,1.0,0.938,0.05917753259779346,0.007093,0.7093,0.5435514412933066,High
11427,3445.988925272969,0.09061243832408712,2239.0,0.736270963498849,1.0,1.0,0.958,0.03911735205616851,0.009358,0.9358,0.5546767783611207,High
11428,5205.20448541341,0.13687109292187372,2239.0,0.736270963498849,0.6860788640868063,0.6860788640868063,0.928,0.06920762286860582,0.008853,0.8853,0.519637298704832,High
11436,5818.113982866654,0.15298757653240358,2239.0,0.736270963498849,0.935408504314581,0.935408504314581,0.931,0.06619859578736198,0.008653,0.8653,0.5597649629335064,High
11691,5233.557352156048,0.13761663286548362,2239.0,0.736270963498849,1.0,1.0,0.904,0.09327983951855567,0.009903,0.9903000000000001,0.5745690757427084,High
11692,5075.19109202502,0.13345238472368134,2239.0,0.736270963498849,1.0,1.0,0.948,0.049147442326980983,0.009673,0.9672999999999999,0.5679647739881005,High
11693,2821.1580536788524,0.07418248162861613,2239.0,0.736270963498849,1.0,1.0,0.927,0.07021063189568699,0.009736,0.9736,0.5555686171712049,High
11429,3661.3104287989954,0.09627432722773653,2239.0,0.736270963498849,0.9670830106244799,0.9670830106244799,0.927,0.07021063189568699,0.008807,0.8807,0.5515090301646569,High
11432,6780.7672934328675,0.1783005899003295,2239.0,0.736270963498849,1.0,1.0,0.908,0.08926780341023066,0.009713,0.9712999999999999,0.5833888613905875,High
11433,5461.644817224101,0.1436142033188881,2239.0,0.736270963498849,0.5824010662469392,0.5824010662469392,0.919,0.07823470411233702,0.009472,0.9471999999999999,0.5097691147524787,High
11434,1438.64529643965,0.03782924467279001,2239.0,0.736270963498849,1.0,1.0,0.93,0.06720160481444326,0.009564,0.9563999999999999,0.5453194052241238,High
11435,8621.569650373533,0.22670457309708553,2239.0,0.736270963498849,0.7940347849013005,0.7940347849013005,0.914,0.0832497492477432,0.009518,0.9518,0.5630182695087229,High
11694,3296.0961732316537,0.08667100146978977,2239.0,0.736270963498849,1.0,1.0,0.966,0.031093279839518595,0.009094,0.9094,0.5515690119258815,High
11697,384.2352230243192,0.010103482977814575,2239.0,0.736270963498849,1.0,1.0,0.996,0.0010030090270812808,0.00133,0.133,0.4905981052216438,Medium
99999,0.0,0.0,2305.0625,0.7579949029924367,1.0,1.0,0.0,1.0,0.0,0.0,0.5910977063465965,High
