zip_code,vulnerability_index,vulnerability_theme1_socioeconomic,vulnerability_theme2_household,vulnerability_theme3_minority,vulnerability_theme4_housing,healthcare_access_score,telehealth_access_score
10001,0.007414,0.0056879999999999995,0.001692,0.00867,0.009806,0.969,0.927
10002,0.009656,0.009639,0.008781,0.009368999999999999,0.009254,0.946,0.762
10003,0.005373,0.0033889999999999997,0.000969,0.007977,0.009368,0.976,0.942
10004,0.002299,0.000252,0.0007689999999999999,0.008439,0.008558,0.997,0.994
10005,0.002437,0.000631,0.000427,0.007503999999999999,0.008496,0.988,0.967
10006,0.003555,0.00301,0.0007920000000000001,0.008028,0.006781000000000001,0.94,0.962
10007,0.003366,0.00039600000000000003,0.001026,0.008073,0.009527,0.996,0.985
10009,0.008721,0.007856,0.004821,0.008676,0.009516,0.972,0.854
10010,0.005247000000000001,0.0016170000000000002,0.002832,0.008135,0.008809,0.972,0.935
10011,0.005998,0.003005,0.0014069999999999998,0.007594,0.009829,0.979,0.948
10012,0.006508000000000001,0.004639,0.001048,0.007724,0.009852,0.96,0.951
10013,0.007873,0.006261,0.003499,0.008507,0.009442,0.959,0.892
10014,0.003997,0.002661,0.000667,0.0067269999999999995,0.008421999999999999,0.973,0.954
10016,0.004822,0.003033,0.000718,0.008355,0.009214,0.959,0.942
10017,0.006725999999999999,0.004874,0.002387,0.007769000000000001,0.008764,0.954,0.97
10018,0.007769000000000001,0.005889,0.0015840000000000001,0.008777,0.01,0.948,0.955
10019,0.007792,0.005396,0.003795,0.008461999999999999,0.009681,0.97,0.906
10020,-9.99,-9.99,-9.99,-9.99,-9.99,1.0,10.99
10021,0.005195,0.001261,0.0032990000000000003,0.0062309999999999996,0.009544,0.988,0.943
10022,0.004438,0.0012389999999999999,0.002553,0.007048,0.008524,0.99,0.9339999999999999
10023,0.006325,0.0029189999999999997,0.003527,0.0076619999999999995,0.009031,0.968,0.944
10024,0.005952,0.001778,0.004764,0.006935,0.009083,0.979,0.947
10025,0.008607,0.007437,0.005533,0.008546,0.009389999999999999,0.959,0.908
10026,0.009123,0.009019000000000001,0.00547,0.009459,0.009174,0.942,0.889
10027,0.009312,0.009507,0.005197,0.009341,0.009527,0.947,0.848
10028,0.004209,0.001697,0.0018859999999999999,0.006462,0.00808,0.98,0.97
10029,0.009788,0.009851,0.009094,0.009606,0.009476,0.933,0.771
10030,0.009828,0.009891,0.008245,0.009741,0.009897,0.919,0.863
10031,0.009323,0.009759,0.005083,0.009561,0.008952,0.914,0.89
10032,0.009771,0.009908,0.008957,0.009617,0.009282,0.909,0.837
10033,0.009649999999999999,0.009753,0.0072250000000000005,0.009414,0.009783,0.911,0.894
10034,0.009541,0.009627,0.00906,0.009532,0.008107999999999999,0.9299999999999999,0.867
10035,0.009914,0.009903,0.009692,0.009656,0.009709,0.9259999999999999,0.7110000000000001
10036,0.00801,0.006491,0.003328,0.008659,0.00959,0.972,0.862
10037,0.009639,0.009553,0.008883,0.009724,0.009145,0.947,0.824
10038,0.008641,0.00754,0.004399,0.008941,0.009744000000000001,0.969,0.872
10039,0.009748,0.009868,0.009242,0.009797,0.008849000000000001,0.9279999999999999,0.846
10040,0.009857,0.00988,0.009105,0.009504,0.009926,0.9259999999999999,0.889
10044,0.008337,0.005149,0.004433,0.008963,0.009977,0.966,0.903
10065,0.005321,0.001256,0.003766,0.007155,0.009259,0.986,0.9259999999999999
10069,0.007712,0.006978,0.006986,0.008935,0.006593,0.954,0.99
10075,0.005889,0.003337,0.003054,0.006563,0.008631999999999999,0.964,0.952
10103,-9.99,-9.99,-9.99,-9.99,-9.99,1.0,10.99
10110,-9.99,-9.99,-9.99,-9.99,-9.99,1.0,10.99
10111,-9.99,-9.99,-9.99,-9.99,-9.99,1.0,10.99
10112,-9.99,-9.99,-9.99,-9.99,-9.99,1.0,10.99
10115,-9.99,-9.99,-9.99,-9.99,-9.99,1.0,10.99
10119,-9.99,-9.99,-9.99,-9.99,-9.99,1.0,10.99
10128,0.006783,0.004576,0.004142,0.007651,0.008006,0.953,0.935
10152,-9.99,-9.99,-9.99,-9.99,-9.99,1.0,10.99
10153,-9.99,-9.99,-9.99,-9.99,-9.99,1.0,10.99
10154,-9.99,-9.99,-9.99,-9.99,-9.99,1.0,10.99
10162,0.003905,0.0038190000000000003,0.002746,0.005234,0.004678,1.0,0.886
10165,-9.99,-9.99,-9.99,-9.99,-9.99,1.0,10.99
10167,-9.99,-9.99,-9.99,-9.99,-9.99,1.0,10.99
10168,-9.99,-9.99,-9.99,-9.99,-9.99,1.0,10.99
10169,-9.99,-9.99,-9.99,-9.99,-9.99,1.0,10.99
10170,-9.99,-9.99,-9.99,-9.99,-9.99,1.0,10.99
10171,-9.99,-9.99,-9.99,-9.99,-9.99,1.0,10.99
10172,-9.99,-9.99,-9.99,-9.99,-9.99,1.0,10.99
10173,-9.99,-9.99,-9.99,-9.99,-9.99,1.0,10.99
10174,-9.99,-9.99,-9.99,-9.99,-9.99,1.0,10.99
10177,-9.99,-9.99,-9.99,-9.99,-9.99,1.0,10.99
10199,-9.99,-9.99,-9.99,-9.99,-9.99,1.0,10.99
10271,-9.99,-9.99,-9.99,-9.99,-9.99,1.0,10.99
10278,-9.99,-9.99,-9.99,-9.99,-9.99,1.0,10.99
10279,0.000189,0.0,0.0,0.0,0.003715,1.0,1.0
10280,0.002506,0.000608,0.0015329999999999999,0.008146,0.00616,0.969,0.974
10282,0.003836,0.000476,0.006074,0.007256,0.006757999999999999,0.989,0.963
10301,0.009328999999999999,0.008784,0.007487000000000001,0.008992,0.009869,0.948,0.862
10302,0.009163,0.009427,0.007845999999999999,0.009301,0.007692,0.913,0.893
10303,0.009375,0.009209,0.008484,0.009555000000000001,0.008905999999999999,0.947,0.849
10304,0.009467,0.008933,0.008501,0.009065,0.009846,0.945,0.832
10305,0.008928,0.007850000000000001,0.00792,0.008389,0.008883,0.958,0.887
10306,0.008739,0.007769000000000001,0.008011,0.007994,0.008319,0.957,0.892
10307,0.003624,0.00215,0.004308,0.005285,0.004718,0.975,0.899
10308,0.0038529999999999997,0.0031190000000000002,0.003225,0.006423,0.004536,0.972,0.905
10309,0.005642,0.004581,0.006148,0.005808,0.005104999999999999,0.984,0.927
10310,0.008928,0.007569,0.007972,0.008975,0.008991,0.955,0.853
10311,-9.99,-9.99,-9.99,-9.99,-9.99,1.0,10.99
10312,0.005333,0.003475,0.006553,0.006845,0.005235999999999999,0.977,0.889
10314,0.007861,0.006216,0.006439,0.00822,0.008131000000000001,0.966,0.901
10451,0.009897,0.009897,0.009858,0.009825,0.009117,0.9339999999999999,0.811
10452,0.009931,0.009937,0.009760999999999999,0.009892999999999999,0.009464,0.931,0.7969999999999999
10453,0.009982999999999999,0.009989,0.009732,0.009932,0.00996,0.903,0.852
10454,0.01,0.01,0.009915,0.009887,0.009949,0.898,0.736
10455,0.009971,0.009971,0.009909,0.009972,0.009499,0.905,0.803
10456,0.009994,0.00996,0.009903,0.00991,0.009972,0.927,0.787
10457,0.009989,0.009977,0.009800999999999999,0.009961,0.009989,0.903,0.813
10458,0.009891,0.009982999999999999,0.009179,0.009775,0.00963,0.903,0.914
10459,0.009943,0.009925,0.009846,0.009949,0.009333000000000001,0.929,0.838
10460,0.009954,0.009931,0.009875,0.009848,0.009345,0.935,0.8200000000000001
10461,0.009689999999999999,0.009513,0.009037,0.009318,0.009755,0.945,0.863
10462,0.009708,0.009622,0.009236,0.009707,0.009293000000000001,0.9359999999999999,0.878
10463,0.009862,0.009352000000000001,0.009926,0.009324,0.009903,0.958,0.886
10464,0.007219,0.0059689999999999995,0.009651999999999999,0.0077859999999999995,0.003903,0.938,0.882
10465,0.009444000000000001,0.008171000000000001,0.009744000000000001,0.009127,0.009328,0.967,0.895
10466,0.009851,0.009834,0.009556,0.009899,0.009521,0.91,0.837
10467,0.009925,0.009914,0.009464,0.009752,0.009858,0.911,0.837
10468,0.009874,0.009954,0.009407,0.00987,0.00947,0.908,0.877
10469,0.009507,0.009255,0.009259,0.009746,0.008723999999999999,0.952,0.866
10470,0.009398,0.00863,0.008103,0.009042,0.009915,0.9390000000000001,0.867
10471,0.008308,0.005326999999999999,0.007715,0.008631,0.009009,0.964,0.903
10472,0.009937,0.009966000000000001,0.009419,0.009921,0.009835,0.877,0.774
10473,0.009868,0.009725000000000001,0.00992,0.009961,0.009094,0.946,0.832
10474,0.00996,0.009943,0.009823,0.009915,0.009704,0.914,0.801
10475,0.009799,0.009054,0.009778,0.009837,0.00988,0.953,0.787
10501,0.0005909999999999999,0.001611,0.000986,0.003138,0.000615,0.996,1.0
10502,0.0037790000000000002,0.001411,0.005231,0.007639,0.004883,0.992,0.9359999999999999
10503,0.000333,0.0,0.001527,0.0,0.0015040000000000001,1.0,1.0
10504,0.001915,0.000356,0.003202,0.006665,0.004376,0.993,0.952
10505,0.004272000000000001,0.001812,0.0059370000000000004,0.0073750000000000005,0.004974,0.977,0.812
10506,0.001181,0.000378,0.0020169999999999997,0.005662,0.002433,0.996,0.997
10507,0.008744,0.008114,0.008159999999999999,0.008732,0.007687,0.959,0.946
10509,0.006657,0.005063,0.005977,0.00787,0.006404999999999999,0.951,0.955
10510,0.005143,0.001325,0.004769,0.006918,0.008313000000000001,0.99,0.919
10511,0.003733,0.001049,0.005248,0.007808000000000001,0.005476,0.983,0.91
10512,0.004639,0.003096,0.004513,0.0069630000000000004,0.005094,0.983,0.913
10514,0.001766,0.00044699999999999997,0.005288,0.006907,0.002353,0.992,0.983
10516,0.004828,0.0025340000000000002,0.005687,0.005234,0.006103,0.962,0.95
10517,0.005516,0.006886,0.004194,0.007904,0.003208,0.981,1.0
10518,0.001313,0.004398,0.001271,0.006,0.0006270000000000001,0.961,0.92
10519,0.000401,0.0,0.00249,0.009989,0.0,1.0,1.0
10520,0.006686,0.004077,0.006895,0.006777,0.007419,0.977,0.935
10522,0.007248,0.004541,0.007533,0.007679,0.0074990000000000005,0.964,0.974
10523,0.007081,0.005894,0.006604,0.009307,0.005954,0.938,0.937
10524,0.003005,0.0019500000000000001,0.003265,0.005662,0.004217,0.987,0.954
10526,0.000958,0.000419,0.00135,0.005775,0.001892,0.979,1.0
10527,0.001078,0.000545,0.003413,0.006647999999999999,0.001071,1.0,0.941
10528,0.004077,0.001692,0.0054069999999999995,0.00729,0.005013999999999999,0.965,0.97
10530,0.005975,0.0032,0.005235999999999999,0.007769000000000001,0.007214000000000001,0.981,0.938
10532,0.005274999999999999,0.003584,0.005259000000000001,0.005268,0.0062050000000000004,0.992,0.91
10533,0.0018859999999999999,0.00055,0.005071,0.007037,0.002484,0.988,0.977
10535,0.000969,0.002276,0.0016300000000000002,0.007865,0.0,0.972,1.0
10536,0.0028499999999999997,0.000963,0.003897,0.006276,0.004917,0.98,0.975
10537,0.004106,0.005602,0.0027289999999999997,0.007808000000000001,0.002832,0.9259999999999999,1.0
10538,0.004203,0.001818,0.004832,0.006603,0.005607,0.97,0.96
10540,-9.99,-9.99,-9.99,0.00871,-9.99,0.5449999999999999,10.99
10541,0.0040999999999999995,0.002087,0.004587,0.006541,0.0050880000000000005,0.97,0.958
10542,-9.99,-9.99,-9.99,-9.99,-9.99,1.0,10.99
10543,0.007632,0.005647999999999999,0.0070030000000000005,0.008023,0.007744,0.938,0.956
10545,-9.99,-9.99,-9.99,0.007848,-9.99,1.0,10.99
10546,0.000545,0.000327,0.001197,0.007623,0.000667,0.992,1.0
10547,0.00586,0.002626,0.006632,0.008389,0.006644,0.977,0.933
10548,0.008142,0.007483,0.005687,0.007234000000000001,0.008159999999999999,0.962,0.9259999999999999
10549,0.006795,0.005699999999999999,0.004462,0.007977,0.006923,0.952,0.9359999999999999
10550,0.009811,0.009748,0.009504,0.009769,0.009419,0.919,0.73
10552,0.008612,0.006514,0.007026,0.009217,0.009402,0.96,0.86
10553,0.008916,0.00793,0.006319,0.009713000000000001,0.009231,0.9259999999999999,0.779
10560,0.0025629999999999997,0.001376,0.003801,0.005459,0.003948999999999999,0.988,0.9299999999999999
10562,0.008693,0.0071330000000000005,0.008017,0.008856000000000001,0.008581,0.92,0.935
10566,0.00883,0.008515,0.005704,0.009132,0.00861,0.945,0.894
10567,0.0048389999999999996,0.0037790000000000002,0.0053159999999999995,0.007825,0.004171,0.947,0.953
10570,0.004375,0.0017549999999999998,0.004707,0.006710000000000001,0.0063360000000000005,0.979,0.973
10573,0.008847,0.008819,0.006952000000000001,0.00907,0.0077659999999999995,0.916,0.943
10576,0.000843,0.000522,0.00192,0.005431,0.00098,0.976,0.984
10577,0.0012790000000000002,0.002477,0.0008550000000000001,0.0077859999999999995,0.0014130000000000002,0.96,0.966
10578,0.000654,0.00012,0.000678,0.009358,0.0022389999999999997,1.0,1.0
10579,0.002087,0.0024660000000000003,0.004444,0.006314999999999999,0.00159,0.964,0.903
10580,0.002873,0.000986,0.0032819999999999998,0.006737999999999999,0.005197,0.985,0.964
10583,0.003182,0.000935,0.004952,0.007876,0.004752,0.98,0.972
10588,0.0056879999999999995,0.0065249999999999996,0.005026,0.007679,0.0034760000000000004,0.943,0.8360000000000001
10589,0.0034289999999999998,0.00387,0.007281999999999999,0.0041860000000000005,0.0020169999999999997,0.97,0.929
10590,0.0020469999999999998,0.0012330000000000002,0.0032479999999999996,0.005627999999999999,0.003333,0.969,0.968
10591,0.008549,0.007231,0.006855,0.008614,0.008729,0.966,0.957
10594,0.002735,0.002546,0.0029170000000000003,0.006118,0.0031509999999999997,0.984,0.973
10595,0.008343,0.006864,0.008376,0.007763,0.007801,0.974,0.907
10596,0.0038929999999999998,0.006697,0.001219,0.007994,0.002855,0.972,0.659
10597,0.000499,0.00035000000000000005,0.002296,0.007183,0.0,1.0,1.0
10598,0.003916,0.002494,0.0035099999999999997,0.006907,0.004792,0.983,0.953
10601,0.009127999999999999,0.008349,0.007977,0.008918,0.0091,0.9390000000000001,0.944
10603,0.008372000000000001,0.007281999999999999,0.0054930000000000005,0.009166,0.008484,0.9359999999999999,0.955
10604,0.007764,0.007098999999999999,0.008023,0.008248,0.006006,0.9339999999999999,0.9279999999999999
10605,0.007122000000000001,0.0048389999999999996,0.006939999999999999,0.008118,0.007208,0.964,0.945
10606,0.008727,0.008314,0.005151,0.009205999999999999,0.008575000000000001,0.897,0.955
10607,0.005750999999999999,0.005366999999999999,0.0037259999999999997,0.009296,0.004832,0.9390000000000001,0.946
10701,0.009725000000000001,0.009781999999999999,0.009481,0.009431,0.008746,0.919,0.856
10703,0.009232,0.008056,0.008553,0.009093,0.009749,0.963,0.887
10704,0.00887,0.008165,0.007538,0.008558,0.008467,0.948,0.897
10705,0.009616,0.009564,0.009601,0.009544,0.008074,0.92,0.8260000000000001
10706,0.003911,0.000722,0.006,0.006541,0.006427,0.985,0.923
10707,0.005986,0.002838,0.0042959999999999995,0.007955,0.007915,0.968,0.922
10708,0.005894,0.0030280000000000003,0.004103,0.007414,0.007909000000000001,0.967,0.962
10709,0.004295,0.002236,0.006348,0.0063939999999999995,0.0045579999999999996,0.987,0.919
10710,0.007236,0.004226,0.006678,0.009031,0.00788,0.96,0.903
10801,0.009593,0.009421,0.007704,0.009278999999999999,0.009909,0.906,0.875
10803,0.003612,0.00113,0.005704,0.0073750000000000005,0.004912000000000001,0.991,0.944
10804,0.002546,0.0006419999999999999,0.005823,0.007161,0.003544,0.995,0.949
10805,0.009455,0.009243,0.008239,0.009031,0.009664,0.908,0.844
10901,0.00781,0.0065769999999999995,0.008296,0.007300999999999999,0.006883,0.971,0.909
10910,-9.99,-9.99,-9.99,-9.99,-9.99,1.0,10.99
10911,0.0007679999999999999,0.0008309999999999999,0.0,0.008682,0.0037259999999999997,1.0,0.0
10913,0.002339,0.003498,0.001476,0.006451,0.002627,0.971,0.946
10914,0.00046399999999999995,0.00043599999999999997,0.00208,0.006208,0.0,1.0,1.0
10915,-9.99,-9.99,-9.99,-9.99,-9.99,1.0,10.99
10916,0.0037159999999999997,0.00262,0.008638,0.0070079999999999995,0.001943,0.94,0.982
10917,0.0025340000000000002,0.0025629999999999997,0.004262,0.008872999999999999,0.001692,0.955,1.0
10918,0.004364,0.0040479999999999995,0.002764,0.007442,0.0047810000000000005,0.968,0.911
10919,0.0025,0.004484,0.0010140000000000001,0.009256,0.002177,0.868,0.937
10920,0.002993,0.00211,0.003362,0.007977,0.0032879999999999997,0.98,0.948
10921,0.0040539999999999994,0.002821,0.0048259999999999996,0.00733,0.003897,0.94,0.948
10922,0.000264,0.0007000000000000001,0.000262,0.006889999999999999,0.0,1.0,0.875
10923,0.008187999999999999,0.004748,0.009299,0.009183,0.007698,0.988,0.899
10924,0.007614999999999999,0.0053100000000000005,0.006541,0.007121,0.008409999999999999,0.951,0.948
10925,0.00555,0.006153,0.006979999999999999,0.006772,0.0030259999999999996,0.945,0.862
10926,0.009008,0.007414,0.008764,0.008766000000000001,0.009026,0.913,0.878
10927,0.009558,0.009341,0.009333000000000001,0.009521,0.008821,0.96,0.901
10928,0.008268,0.006095000000000001,0.009493,0.008901,0.006541,0.968,0.9299999999999999
10930,0.004501,0.005482,0.003425,0.008456,0.002986,0.958,0.948
10931,0.008675,0.009328999999999999,0.0089,0.009048,0.004513,0.946,0.837
10932,0.000344,0.000728,0.0,0.008192,0.001476,1.0,1.0
10933,0.001135,0.002437,0.005476,0.002856,0.0,1.0,1.0
10940,0.009341,0.008836,0.009271,0.009014,0.008627000000000001,0.937,0.85
10941,0.007529,0.005218,0.0068720000000000005,0.008721,0.007681,0.944,0.919
10950,0.008784,0.008601,0.006416,0.006169,0.00886,0.975,0.635
10952,0.008756,0.009226,0.006063,0.005031,0.008336,0.972,0.642
10953,-9.99,-9.99,-9.99,-9.99,-9.99,1.0,10.99
10954,0.007643,0.005052,0.00755,0.008563,0.0076300000000000005,0.956,0.951
10956,0.004392,0.002873,0.0065980000000000006,0.008203,0.0035039999999999997,0.973,0.964
10958,0.006583,0.0056359999999999995,0.006706999999999999,0.007837,0.005214,0.978,0.9339999999999999
10960,0.008095999999999999,0.006439,0.007037,0.008468,0.008,0.967,0.919
10962,0.0053100000000000005,0.005023,0.0073560000000000006,0.008372000000000001,0.0028260000000000004,0.977,0.983
10963,0.008389,0.007036,0.006928999999999999,0.008079,0.008519,0.895,0.933
10964,0.005562,0.003933,0.006860000000000001,0.006794,0.004997,0.978,0.991
10965,0.006468000000000001,0.004593,0.007019999999999999,0.006811,0.0062450000000000006,0.963,0.896
10968,0.003435,0.001548,0.004382,0.007037,0.004644,0.987,1.0
10969,0.000229,0.000241,0.000672,0.0057410000000000004,0.0,0.99,0.923
10970,0.008475,0.006875,0.007664,0.008884999999999999,0.008274,0.97,0.947
10973,0.006875,0.006531,0.007105,0.007414,0.005066,0.94,0.876
10974,0.005149,0.004019,0.003903,0.007261999999999999,0.005527,0.958,0.96
10975,0.00035000000000000005,0.00036700000000000003,0.000655,0.009661999999999999,0.0,1.0,0.915
10976,0.008286,0.007064,0.005584,0.007397,0.0089,0.957,0.879
10977,0.00945,0.009701999999999999,0.007687,0.008485,0.00902,0.917,0.756
10979,-9.99,-9.99,-9.99,-9.99,-9.99,1.0,10.99
10980,0.006812,0.004358,0.006614999999999999,0.008028,0.007105,0.971,0.9259999999999999
10983,0.002391,0.001714,0.003276,0.006879,0.0030480000000000004,0.993,0.941
10984,0.002305,0.0021160000000000003,0.002182,0.007932,0.002758,0.945,0.955
10985,0.001433,0.006828999999999999,0.000125,0.008958,0.001442,0.42899999999999994,0.19999999999999996
10986,0.002758,0.005717,0.002154,0.0061519999999999995,0.001704,0.968,0.895
10987,0.005447,0.004587,0.0029909999999999997,0.0070079999999999995,0.0064329999999999995,0.9299999999999999,0.952
10988,0.0022819999999999997,0.0017829999999999999,0.002912,0.006314999999999999,0.00314,0.977,0.91
10989,0.003509,0.003136,0.002211,0.0077859999999999995,0.004262,0.981,0.96
10990,0.004713,0.002575,0.004234,0.005566,0.006501,0.971,0.945
10992,0.0065710000000000005,0.003911,0.00759,0.008349,0.006251,0.982,0.917
10993,0.008045,0.008807,0.0045190000000000004,0.009346,0.005977,0.96,0.847
10994,0.004174,0.002076,0.008712,0.00822,0.002587,0.983,0.979
10996,0.0028039999999999996,0.001038,0.0038179999999999998,0.00747,0.004365,0.981,0.986
10998,0.001714,0.004771,0.001373,0.006777,0.000866,0.949,0.986
11001,0.00508,0.002764,0.006279,0.008654,0.004843,0.974,0.942
11003,0.006817999999999999,0.007053,0.005305,0.009628,0.004479,0.941,0.9319999999999999
11004,0.008468999999999999,0.005229,0.008279,0.009363,0.009077,0.981,0.933
11005,0.00125,0.00045900000000000004,0.0023480000000000003,0.001955,0.003407,1.0,0.839
11010,0.005487,0.003784,0.005425,0.007808000000000001,0.005345,0.957,0.927
11020,0.0044269999999999995,0.002001,0.004302,0.009115,0.005144999999999999,0.947,0.9390000000000001
11021,0.007064,0.002747,0.007937,0.00822,0.008376,0.975,0.938
11023,0.005384,0.0017369999999999998,0.008234,0.006541,0.00645,0.989,0.883
11024,0.007185,0.003377,0.008125,0.006603,0.008461999999999999,0.981,0.94
11030,0.0029010000000000004,0.000487,0.007110999999999999,0.007639,0.0039369999999999995,0.986,0.965
11040,0.005235,0.0028100000000000004,0.0052759999999999994,0.00902,0.005487,0.973,0.943
11042,-9.99,-9.99,-9.99,0.008095999999999999,-9.99,1.0,10.99
11050,0.005665,0.003045,0.006843,0.007300999999999999,0.006017,0.961,0.969
11096,0.009209,0.009581,0.008199,0.009256,0.007197,0.915,0.853
11101,0.008291,0.007179,0.002422,0.009172,0.009863,0.965,0.89
11102,0.008067999999999999,0.008234,0.002125,0.008844999999999999,0.008667000000000001,0.9390000000000001,0.919
11103,0.008159,0.008888,0.001379,0.008535000000000001,0.008695000000000001,0.897,0.9299999999999999
11104,0.007798,0.008468999999999999,0.001994,0.009025,0.007892,0.935,0.913
11105,0.008199999999999999,0.008555,0.00253,0.008242000000000001,0.008456,0.9279999999999999,0.92
11106,0.008882,0.009042,0.003368,0.008997,0.009311,0.9319999999999999,0.89
11109,0.003503,0.001565,0.001345,0.008665,0.006928999999999999,0.977,0.965
11201,0.006233,0.003372,0.0021479999999999997,0.008406,0.009299,0.974,0.944
11203,0.009386,0.008955999999999999,0.007885999999999999,0.009814,0.009595,0.941,0.88
11204,0.009553,0.009799,0.007772,0.008546,0.00914,0.929,0.84
11205,0.009427,0.009358,0.008074,0.008586,0.009493,0.965,0.833
11206,0.009679,0.009776,0.009208,0.009155,0.008855,0.941,0.813
11207,0.009839,0.009788,0.00914,0.009808,0.009812,0.94,0.8200000000000001
11208,0.009581,0.009472000000000001,0.008285,0.009904,0.009425,0.944,0.885
11209,0.008865,0.008028,0.007219,0.008203,0.00906,0.945,0.9
11210,0.009174,0.008354,0.008558,0.009285,0.009048,0.949,0.902
11211,0.009042,0.009318,0.003738,0.008254000000000001,0.009339,0.94,0.825
11212,0.009948,0.00992,0.009487,0.009865,0.00992,0.927,0.804
11213,0.009805000000000001,0.009817,0.008912,0.009437,0.009795,0.933,0.835
11214,0.009685000000000001,0.009805000000000001,0.008519,0.009008,0.009504,0.905,0.865
11215,0.005728,0.002557,0.002872,0.0077410000000000005,0.008643999999999999,0.973,0.961
11216,0.008297,0.008337,0.002678,0.009256,0.008581,0.94,0.891
11217,0.007231,0.005143,0.0033789999999999996,0.008625,0.008872,0.972,0.925
11218,0.009197,0.008876,0.006803,0.008631,0.009618,0.954,0.869
11219,0.00949,0.009828,0.006170999999999999,0.008258999999999999,0.009578,0.938,0.683
11220,0.009661999999999999,0.009885,0.007634999999999999,0.009594,0.009179,0.884,0.839
11221,0.009352000000000001,0.009599,0.004593,0.009521,0.009624,0.916,0.858
11222,0.00637,0.006468000000000001,0.001248,0.007414,0.008091000000000001,0.927,0.94
11223,0.009587,0.009679,0.008991,0.008727,0.008655000000000001,0.941,0.882
11224,0.00992,0.009713000000000001,0.009982999999999999,0.008754999999999999,0.009202,0.95,0.776
11225,0.008538,0.008905,0.0031569999999999997,0.00933,0.008342,0.941,0.873
11226,0.00922,0.009300000000000001,0.004536,0.009639,0.009692,0.909,0.848
11228,0.008945,0.008979000000000001,0.006427,0.008693,0.008154,0.941,0.924
11229,0.009054,0.008274,0.008945999999999999,0.008389,0.008011,0.951,0.866
11230,0.009701999999999999,0.009518,0.009379,0.008282000000000001,0.009687,0.929,0.835
11231,0.007866999999999999,0.007208,0.005442,0.008192,0.007725999999999999,0.953,0.909
11232,0.009461,0.009794,0.003835,0.009442,0.009954,0.88,0.897
11233,0.009438,0.009541,0.007613,0.009673000000000001,0.008866,0.931,0.824
11234,0.008951,0.007552,0.008889000000000001,0.009144,0.008405000000000001,0.957,0.904
11235,0.009524,0.009094,0.009179,0.007623,0.009732,0.919,0.867
11236,0.009117,0.008773,0.007698,0.009848,0.008291,0.94,0.89
11237,0.009415,0.009839,0.003778,0.00938,0.009818,0.879,0.888
11238,0.007076,0.005528,0.001573,0.008772,0.009481,0.964,0.916
11239,0.009845,0.008968,0.009989,0.009594,0.009658,0.976,0.804
11249,0.008555,0.008394,0.005356,0.008095999999999999,0.008279,0.969,0.832
11354,0.009404000000000001,0.009455,0.0050539999999999995,0.009623,0.009875,0.881,0.842
11355,0.009495,0.009874,0.004912000000000001,0.009775,0.009459,0.853,0.802
11356,0.008899,0.009484,0.007641,0.009396999999999999,0.005926,0.914,0.901
11357,0.008561,0.007976,0.008034,0.008439,0.007407,0.966,0.895
11358,0.008876,0.009163,0.004895,0.009239,0.008182,0.922,0.908
11359,-9.99,-9.99,-9.99,-9.99,-9.99,1.0,10.99
11360,0.007517,0.00586,0.008194,0.008485,0.00641,0.952,0.904
11361,0.008532,0.006674,0.007345000000000001,0.009048,0.008769,0.946,0.9259999999999999
11362,0.0061470000000000006,0.003951,0.005607,0.009082,0.006177,0.97,0.913
11363,0.007987,0.007317000000000001,0.006928999999999999,0.008642,0.007066,0.942,0.966
11364,0.008239999999999999,0.0068920000000000006,0.0068379999999999995,0.009245,0.007875,0.942,0.909
11365,0.009077,0.008492,0.007481,0.009454,0.008536,0.949,0.945
11366,0.008102,0.0075,0.005869,0.009194,0.007379,0.9299999999999999,0.941
11367,0.009547,0.00883,0.009071000000000001,0.008963,0.009823,0.943,0.878
11368,0.009633000000000001,0.009667,0.008046,0.009831,0.009356,0.766,0.8180000000000001
11369,0.009604,0.009673000000000001,0.006883,0.009762999999999999,0.009772,0.87,0.892
11370,0.009214,0.00957,0.0027069999999999998,0.009375,0.009886,0.925,0.907
11371,-9.99,-9.99,-9.99,-9.99,-9.99,1.0,10.99
11372,0.009255,0.009633000000000001,0.006462,0.009549,0.008302,0.89,0.887
11373,0.009432000000000001,0.009524,0.0066500000000000005,0.00982,0.009407,0.845,0.892
11374,0.008578,0.007873,0.007150999999999999,0.009087,0.007925999999999999,0.938,0.893
11375,0.0073219999999999995,0.004759,0.005698,0.008789,0.008057,0.963,0.9390000000000001
11377,0.009019000000000001,0.008985,0.004131,0.009515000000000001,0.009151,0.925,0.845
11378,0.008681,0.008939,0.006712,0.008811,0.007117,0.9279999999999999,0.901
11379,0.008664,0.007511,0.0075439999999999995,0.008118,0.008604,0.951,0.883
11385,0.008819,0.009127999999999999,0.0042109999999999995,0.008945999999999999,0.008308,0.886,0.914
11411,0.007000999999999999,0.0052580000000000005,0.006262,0.009932,0.006170999999999999,0.955,0.913
11412,0.008383,0.007466,0.007254,0.009977,0.0073560000000000006,0.938,0.885
11413,0.007454,0.005373,0.00645,0.009982999999999999,0.007110999999999999,0.94,0.88
11414,0.00863,0.00738,0.009538,0.008017,0.006979999999999999,0.968,0.882
11415,0.008761,0.007661,0.005573,0.00898,0.009396,0.953,0.91
11416,0.008922,0.009461,0.006792,0.009685000000000001,0.006523999999999999,0.902,0.921
11417,0.008968,0.009295,0.00796,0.009577,0.006614999999999999,0.921,0.904
11418,0.00953,0.009404000000000001,0.008114,0.009538,0.009538,0.908,0.915
11419,0.008962,0.009478,0.0051400000000000005,0.009859,0.007385,0.906,0.893
11420,0.008624,0.009288999999999999,0.0036070000000000004,0.009842,0.007641,0.901,0.9359999999999999
11421,0.009151,0.009368999999999999,0.006815,0.009645,0.008245,0.896,0.921
11422,0.007913,0.007866999999999999,0.007134000000000001,0.009803,0.005641,0.94,0.873
11423,0.009484,0.00918,0.008222,0.009701,0.009647,0.9279999999999999,0.872
11424,-9.99,-9.99,-9.99,-9.99,-9.99,1.0,10.99
11426,0.007093,0.005476,0.004809,0.009425,0.007179,0.938,0.911
11427,0.009358,0.008406,0.009544,0.009611,0.008735,0.958,0.919
11428,0.008853,0.009025,0.006091,0.009758,0.0075780000000000005,0.9279999999999999,0.879
11429,0.008807,0.00875,0.007858,0.009876000000000001,0.006752,0.927,0.887
11430,-9.99,-9.99,-9.99,0.009442,-9.99,0.982,10.99
11432,0.009713000000000001,0.009558,0.007852,0.009668,0.009982999999999999,0.908,0.894
11433,0.009472000000000001,0.009736,0.008821,0.009882,0.007818,0.919,0.906
11434,0.009564,0.009249,0.008631999999999999,0.009932,0.009613,0.9299999999999999,0.896
11435,0.009518,0.009616,0.00633,0.009634,0.00967,0.914,0.923
11436,0.008653,0.008928,0.006006,0.009955,0.006957,0.931,0.86
11439,-9.99,-9.99,-9.99,0.008924,-9.99,0.992,10.99
11451,-9.99,-9.99,-9.99,-9.99,-9.99,1.0,10.99
11501,0.005033999999999999,0.0038069999999999996,0.002724,0.007994,0.006348,0.968,0.929
11507,0.004237,0.001537,0.006313,0.008732,0.004684,0.975,0.944
11509,0.001021,0.000413,0.002581,0.0036170000000000004,0.001926,0.988,0.947
11510,0.004925,0.0030220000000000004,0.005242,0.009256,0.004598,0.967,0.9339999999999999
11514,0.005654,0.0046500000000000005,0.0048720000000000005,0.00809,0.004957,0.856,0.948
11516,0.005464,0.005298000000000001,0.0036520000000000003,0.006096000000000001,0.005453,0.961,0.921
11518,0.005430000000000001,0.00461,0.007396000000000001,0.0066820000000000004,0.003766,0.973,0.917
11520,0.008888,0.008005,0.006997,0.009482,0.008877000000000001,0.9319999999999999,0.916
11530,0.0033829999999999997,0.000912,0.003584,0.005876,0.0068379999999999995,0.988,0.925
11542,0.009243,0.008468999999999999,0.0091,0.008332,0.009123,0.92,0.916
11545,0.002425,0.0009289999999999999,0.008165,0.006868,0.002,0.987,0.971
11547,0.001955,0.006542,0.001094,0.006889999999999999,0.0008150000000000001,0.956,0.921
11548,0.004335,0.008503,0.001231,0.007503999999999999,0.002114,0.963,0.966
11549,-9.99,-9.99,-9.99,0.007848,-9.99,0.955,10.99
11550,0.009667,0.009644,0.007903,0.009775,0.009715,0.882,0.876
11552,0.0063360000000000005,0.003836,0.007332999999999999,0.008744,0.005778,0.968,0.916
11553,0.009111000000000001,0.008733,0.0066549999999999995,0.009735,0.008912,0.927,0.91
11554,0.006392999999999999,0.0031709999999999998,0.006353,0.008095999999999999,0.0074470000000000005,0.957,0.905
11556,-9.99,-9.99,-9.99,-9.99,-9.99,1.0,10.99
11557,0.0032740000000000004,0.001135,0.006575,0.0072,0.004023,0.977,0.968
11558,0.0060209999999999994,0.005573,0.004148,0.007503999999999999,0.005481000000000001,0.947,0.949
11559,0.005837,0.004341,0.005111,0.006169,0.006399,0.977,0.959
11560,0.004662,0.0040420000000000005,0.0074129999999999995,0.006468000000000001,0.003009,0.958,0.94
11561,0.006416,0.003509,0.003744,0.007048,0.008712,0.955,0.935
11563,0.007403,0.0041860000000000005,0.008091000000000001,0.008045,0.007715,0.967,0.906
11565,0.0018579999999999998,0.000665,0.002359,0.00733,0.0036009999999999996,0.983,0.941
11566,0.0020239999999999998,0.001336,0.0033450000000000003,0.006118,0.00298,0.977,0.941
11568,0.00246,0.0020930000000000002,0.0012929999999999999,0.007921000000000001,0.00396,0.96,0.95
11569,0.00164,0.003452,0.0014990000000000001,0.0015149999999999999,0.002234,0.955,0.914
11570,0.005442,0.002391,0.006501,0.006834,0.006621,0.981,0.908
11572,0.004111,0.0025,0.005972,0.006592,0.003966,0.974,0.947
11575,0.007747,0.007672,0.007658000000000001,0.009921,0.004849,0.9319999999999999,0.884
11576,0.003589,0.000866,0.004222,0.007651,0.006234,0.991,0.96
11577,0.0040420000000000005,0.001026,0.005345,0.0077410000000000005,0.006063,0.973,0.955
11579,0.002213,0.00246,0.005123,0.004496,0.0018459999999999998,0.978,0.9279999999999999
11580,0.0065249999999999996,0.004937,0.004068,0.009465,0.006666999999999999,0.954,0.931
11581,0.006084000000000001,0.004432,0.005943,0.008986,0.005259000000000001,0.964,0.942
11590,0.008107999999999999,0.006508000000000001,0.007185,0.0092,0.007664,0.919,0.888
11596,0.0033889999999999997,0.001772,0.004758,0.00733,0.0039889999999999995,0.968,0.944
11598,0.0046960000000000005,0.002735,0.00306,0.005865,0.007123000000000001,0.964,0.962
11691,0.009903,0.009822,0.009698,0.009386,0.009892,0.904,0.876
11692,0.009673000000000001,0.00949,0.009328,0.009651,0.009208,0.948,0.855
11693,0.009736,0.009312,0.009459,0.008856000000000001,0.009943,0.927,0.901
11694,0.009094,0.007678000000000001,0.008409999999999999,0.007228,0.009778,0.966,0.911
11697,0.00133,0.001072,0.002234,0.0029070000000000003,0.002581,0.996,0.881
